person_id,prolific_id,phase,relevant,timestamp,interesting,know_better,like_chosen,diversity_high,differed_topics,fit_preferences,looking_forward,fitted_preferences,similar_to_each_other,sport,politikk,media_usage,news_source,media_access,mat_og_drikke,klima_og_miljo,livsstil_og_helse,helse_og_forskning,samfunn_og_arbeidsliv,okonomi_og_naeringsliv,teknologi_og_vitenskap,kriminalitet_og_rettssaker,underholdning_og_kjendiser,utenriks_og_globale_konflikter,num_clicks,percent_familiar,age,country,education,gender
2,5b14532ce9270900013c5bf6,1,2,2025-06-19T15:54:07.912053+00:00,3,3,3,4,4,4,3,2,2,-1,1,daily,social,"internet,smartphone,streaming",-1,-1,-1,-1,-1,1,1,-1,-1,1,5,,b35_45,GB,BA,Male
2,5b14532ce9270900013c5bf6,2,2,2025-06-21T18:49:36.769585+00:00,2,3,3,2,3,4,3,2,4,-1,1,daily,social,"internet,smartphone,streaming",-1,-1,-1,-1,-1,1,1,-1,-1,1,1,100.0,b35_45,GB,BA,Male
3,65e231b58b6f797b593b61d3,1,4,2025-06-19T15:56:35.304918+00:00,4,1,4,3,3,4,4,4,2,1,1,daily,social,"internet,smartphone",1,1,1,1,1,-1,1,1,1,1,5,,b35_45,US,MSc,Female
3,65e231b58b6f797b593b61d3,2,5,2025-06-21T20:31:29.576880+00:00,5,1,5,4,4,5,5,5,2,1,1,daily,social,"internet,smartphone,tablet,streaming",1,1,1,1,1,-1,1,1,1,-1,1,100.0,b35_45,US,MSc,Female
4,677d99d7e6122bb726370792,1,5,2025-06-19T15:57:28.588465+00:00,3,2,3,3,3,5,3,5,3,-1,1,daily,social,"internet,smartphone,streaming",1,1,1,1,-1,-1,1,1,-1,1,5,,b45_55,US,BA,Female
4,677d99d7e6122bb726370792,2,5,2025-06-21T18:45:28.231768+00:00,5,2,5,4,4,5,5,5,2,-1,1,daily,social,internet,1,1,-1,1,-1,-1,1,1,-1,1,6,33.3,b45_55,US,BA,Female
5,5b8733a8dd068d0001be4a5f,1,3,2025-06-19T15:53:15.048934+00:00,4,2,4,1,4,3,5,5,2,1,1,daily,social,"internet,smartphone,tablet,streaming",1,-1,1,1,-1,1,1,1,1,1,5,,b25_35,GB,High_school,Male
5,5b8733a8dd068d0001be4a5f,2,4,2025-06-21T18:29:17.076108+00:00,5,2,5,5,4,5,4,4,5,1,1,daily,social,"internet,smartphone,tablet,streaming",1,-1,1,1,-1,-1,1,1,1,1,6,16.7,b25_35,GB,High_school,Male
6,55daf7b369dbc30005b68ac9,1,3,2025-06-19T15:53:54.744305+00:00,4,3,4,4,4,5,4,4,2,1,1,daily,social,"internet,smartphone,streaming",-1,1,-1,1,-1,-1,1,-1,-1,1,7,,b35_45,GB,MSc,Male
6,55daf7b369dbc30005b68ac9,2,4,2025-06-23T10:49:54.356201+00:00,3,2,4,2,4,5,5,4,4,1,1,daily,social,"internet,smartphone,streaming",-1,1,-1,1,-1,-1,1,-1,-1,1,1,100.0,b35_45,GB,MSc,Male
7,6844ca2c2fac39b9ee3d0f8a,1,5,2025-06-19T15:54:25.512248+00:00,5,2,4,3,5,5,5,5,2,1,-1,daily,social,"internet,smartphone,tablet,streaming",1,1,-1,1,1,1,1,-1,-1,-1,8,,b25_35,US,MSc,Male
7,6844ca2c2fac39b9ee3d0f8a,2,5,2025-06-21T18:29:27.947027+00:00,5,5,5,4,5,5,5,5,2,1,-1,daily,social,"internet,smartphone,tablet,streaming",1,1,1,1,1,1,1,1,-1,-1,2,50.0,b25_35,US,MSc,Male
8,67ed8001c2b6765fa734649d,1,4,2025-06-19T15:56:55.961863+00:00,4,5,4,4,4,4,4,3,2,1,1,daily,social,internet,1,1,1,1,1,1,-1,1,1,-1,5,,b45_55,US,MSc,Female
8,67ed8001c2b6765fa734649d,2,5,2025-06-21T18:46:19.639239+00:00,4,5,4,4,5,4,5,4,1,-1,1,daily,social,"internet,smartphone,streaming",1,1,1,1,1,1,1,1,1,1,5,40.0,b45_55,US,MSc,Female
9,6842e2072db03fbcbddc7423,1,5,2025-06-19T15:54:56.871368+00:00,5,5,5,5,4,5,5,4,3,1,1,daily,social,"internet,smartphone,tablet,streaming",1,1,1,1,1,1,1,1,1,1,9,,b35_45,US,MSc,Female
9,6842e2072db03fbcbddc7423,2,5,2025-06-21T18:25:37.723561+00:00,5,5,5,5,2,5,5,5,2,1,1,daily,social,"internet,smartphone,tablet,streaming",1,1,1,1,1,1,1,1,1,1,12,50.0,b35_45,US,MSc,Female
10,68114b50b766b8f5b3b6cc8e,1,4,2025-06-19T15:57:43.947798+00:00,3,3,4,3,3,4,3,4,3,1,1,daily,social,"internet,smartphone,streaming",-1,-1,1,1,-1,1,1,1,-1,-1,5,,b45_55,US,High_school,Male
10,68114b50b766b8f5b3b6cc8e,2,4,2025-06-21T18:52:05.108533+00:00,4,3,5,4,4,5,5,4,3,1,1,daily,social,"internet,smartphone,streaming",-1,-1,1,1,-1,-1,1,1,-1,-1,1,0.0,b45_55,US,High_school,Male
11,682bc064d17960a47c554850,1,5,2025-06-19T16:11:06.070481+00:00,5,4,4,5,4,4,5,5,4,-1,-1,weekly,social,"internet,smartphone,tablet",1,-1,1,-1,-1,1,-1,1,-1,1,7,,b25_35,US,BA,Female
11,682bc064d17960a47c554850,2,5,2025-06-21T18:25:33.556800+00:00,4,3,4,4,3,5,4,5,4,1,1,daily,social,"internet,smartphone,streaming",1,1,1,1,1,1,1,-1,-1,-1,2,50.0,b25_35,US,BA,Female
12,57b248d52075e2000113ba3d,1,2,2025-06-19T16:16:17.202533+00:00,3,4,4,4,5,4,2,4,2,-1,1,weekly,papers,"internet,smartphone,streaming",1,-1,1,1,1,-1,1,-1,-1,1,5,,b25_35,GB,MSc,Male
12,57b248d52075e2000113ba3d,2,4,2025-06-22T10:14:05.941099+00:00,4,4,4,4,4,4,3,4,2,-1,1,weekly,papers,"internet,smartphone,streaming",1,-1,1,1,-1,-1,1,-1,-1,1,4,0.0,b25_35,GB,MSc,Male
14,67103aecd3a626ec9024ed2a,1,4,2025-06-19T16:26:27.404179+00:00,4,3,4,4,4,4,5,4,2,-1,1,daily,tv,"internet,smartphone,tablet,streaming",1,-1,-1,1,-1,1,1,-1,-1,1,5,,b45_55,GB,High_school,Male
14,67103aecd3a626ec9024ed2a,2,4,2025-06-21T21:08:30.114132+00:00,4,4,4,2,2,4,4,4,5,-1,1,daily,tv,"internet,smartphone,tablet,streaming",1,-1,-1,-1,-1,1,1,-1,-1,1,1,0.0,b45_55,GB,High_school,Male
15,67851f4cba98f2087f182764,1,5,2025-06-19T16:27:49.709173+00:00,5,4,5,4,5,5,5,5,2,-1,1,daily,social,"internet,smartphone",1,1,1,1,1,-1,1,-1,1,-1,5,,b25_35,GB,MSc,Male
15,67851f4cba98f2087f182764,2,5,2025-06-21T18:12:15.915073+00:00,5,3,5,3,5,5,5,5,1,-1,-1,daily,social,"internet,smartphone,tablet",1,1,1,1,1,-1,-1,1,1,1,3,33.3,b25_35,GB,MSc,Male
16,67607e34fb2abbf20ec24851,1,4,2025-06-19T16:19:13.707088+00:00,4,3,4,4,4,4,4,4,3,1,-1,rarely,social,"internet,smartphone,tablet,streaming",1,1,1,-1,-1,1,1,-1,-1,-1,5,,b35_45,GB,BA,Male
16,67607e34fb2abbf20ec24851,2,2,2025-06-21T18:50:06.266663+00:00,3,4,3,3,3,2,3,2,3,1,-1,daily,social,"internet,smartphone,tablet,streaming",1,1,1,1,1,1,1,-1,-1,-1,1,0.0,b35_45,GB,BA,Male
18,67f1081b7779f9393f8b9059,1,5,2025-06-19T16:22:10.484277+00:00,5,5,5,3,2,5,5,5,5,1,1,daily,social,"internet,smartphone,streaming",1,1,1,1,1,1,1,1,1,1,14,,b35_45,US,MSc,Female
18,67f1081b7779f9393f8b9059,2,5,2025-06-22T14:32:13.055498+00:00,5,3,5,5,5,5,5,5,5,1,1,daily,social,"internet,smartphone,tablet,streaming",-1,1,1,1,1,1,1,-1,1,1,13,15.4,b35_45,US,MSc,Female
19,6779432466bae4912f58dd58,1,3,2025-06-19T16:43:34.935345+00:00,4,2,4,4,4,3,4,3,2,-1,-1,daily,social,smartphone,1,1,1,-1,1,1,1,1,1,-1,5,,b25_35,GB,MSc,Female
19,6779432466bae4912f58dd58,2,3,2025-06-21T18:45:59.709580+00:00,4,2,4,4,4,3,4,4,4,-1,1,daily,social,"internet,smartphone,tablet,streaming",1,1,1,1,1,1,1,-1,1,1,1,0.0,b25_35,GB,MSc,Female
20,67e23f61d6642c6710f62686,1,4,2025-06-19T16:25:24.503645+00:00,4,4,4,4,4,3,4,4,4,1,1,daily,social,"smartphone,tablet",1,1,1,1,1,1,1,-1,1,-1,6,,b35_45,US,Doctorate,Male
20,67e23f61d6642c6710f62686,2,3,2025-06-21T19:03:54.745131+00:00,3,3,2,3,4,2,3,4,3,-1,1,monthly,radio,smartphone,-1,-1,1,1,1,1,1,-1,1,1,5,80.0,b35_45,US,Doctorate,Male
21,6651118444f987017d94bd63,1,3,2025-06-19T16:24:34.445273+00:00,4,3,4,5,5,4,4,3,2,1,-1,daily,social,"internet,smartphone,tablet,streaming",1,1,1,1,1,1,1,1,1,1,5,,b25_35,US,BA,Male
21,6651118444f987017d94bd63,2,3,2025-06-21T21:39:10.711757+00:00,4,2,5,5,5,5,5,4,2,1,-1,daily,social,"internet,smartphone,tablet,streaming",1,1,1,1,1,1,1,1,1,1,5,20.0,b25_35,US,BA,Male
22,671e39c25e5e3f340a6f21d4,1,5,2025-06-19T16:30:10.864034+00:00,4,2,5,4,5,4,5,5,1,1,1,daily,social,"internet,smartphone,streaming",-1,1,1,1,-1,1,1,1,1,1,6,,b25_35,GB,BA,Male
22,671e39c25e5e3f340a6f21d4,2,4,2025-06-21T18:24:58.910579+00:00,4,2,5,4,4,5,5,5,1,1,1,daily,social,"internet,smartphone,streaming",-1,1,1,1,-1,1,1,1,1,1,1,0.0,b25_35,GB,BA,Male
23,6847da1a04ead7bb5db34688,1,5,2025-06-19T16:34:31.568043+00:00,4,4,5,5,4,4,5,5,1,1,1,daily,social,"internet,smartphone,streaming",1,1,1,-1,-1,1,1,1,1,1,7,,over_55,US,BA,Male
23,6847da1a04ead7bb5db34688,2,5,2025-06-21T19:02:43.251653+00:00,5,5,5,4,3,5,5,5,3,1,1,daily,social,"internet,smartphone,streaming",1,-1,1,1,1,1,-1,1,1,1,16,12.5,over_55,US,BA,Male
24,656a719e8caf4969dfb28319,1,4,2025-06-19T16:39:48.410679+00:00,4,1,2,2,3,2,2,4,2,1,-1,daily,social,"internet,smartphone",-1,-1,1,1,-1,1,1,-1,-1,-1,5,,b25_35,CA,BA,Male
24,656a719e8caf4969dfb28319,2,5,2025-06-21T18:47:38.014481+00:00,5,5,5,2,3,5,5,5,1,1,-1,weekly,social,"internet,smartphone,streaming",-1,1,1,1,-1,1,1,-1,1,-1,4,0.0,b25_35,CA,BA,Male
26,67842e9bbd5762dbfc70c628,1,5,2025-06-19T16:30:21.970816+00:00,5,5,5,5,5,5,5,5,5,-1,1,daily,tv,internet,1,1,1,1,1,1,-1,1,1,1,5,,b18_24,GB,BA,Male
26,67842e9bbd5762dbfc70c628,2,5,2025-06-21T21:08:03.307930+00:00,5,5,5,5,1,5,5,5,2,1,1,daily,social,"internet,smartphone,tablet,streaming",1,1,1,1,1,1,1,1,1,1,5,0.0,b18_24,GB,BA,Male
30,666b41c237449e08d8cbdd0e,1,2,2025-06-19T16:36:27.116646+00:00,2,2,3,4,4,4,3,3,2,1,1,weekly,social,"internet,smartphone",1,-1,-1,1,1,-1,1,-1,1,-1,5,,b18_24,CA,High_school,Male
30,666b41c237449e08d8cbdd0e,2,2,2025-06-21T20:24:13.560627+00:00,2,4,3,2,2,4,4,2,4,-1,-1,monthly,social,"internet,smartphone",1,-1,1,1,1,-1,1,-1,1,-1,2,50.0,b18_24,CA,High_school,Male
31,5f7f239e9b204e05b6c36538,1,5,2025-06-19T16:38:35.466907+00:00,5,3,4,4,5,4,5,5,2,1,1,daily,social,"internet,smartphone,tablet,streaming",-1,1,-1,1,1,1,1,1,1,1,5,,b25_35,ZA,BA,Female
31,5f7f239e9b204e05b6c36538,2,5,2025-06-21T20:21:41.093892+00:00,5,3,5,5,5,5,5,5,2,1,1,daily,social,internet,-1,1,-1,-1,-1,1,-1,1,1,1,1,0.0,b25_35,ZA,BA,Female
32,67839886a09ff9fef57d6ba9,1,5,2025-06-19T16:42:54.456239+00:00,5,3,5,4,4,5,4,5,2,1,1,daily,social,"internet,smartphone,tablet,streaming",1,1,1,1,1,1,1,-1,1,1,5,,b35_45,GB,BA,Male
32,67839886a09ff9fef57d6ba9,2,3,2025-06-21T18:26:12.473451+00:00,2,3,5,3,4,4,4,3,4,1,1,daily,social,"internet,smartphone,tablet,streaming",1,1,1,1,1,1,1,-1,1,1,8,37.5,b35_45,GB,BA,Male
35,681915fceeb6c70e6fb0f668,1,4,2025-06-19T16:43:24.660969+00:00,4,3,4,3,3,4,4,4,3,1,1,daily,social,"internet,smartphone,tablet,streaming",1,1,1,1,1,1,1,1,1,1,6,,b25_35,US,BA,Female
35,681915fceeb6c70e6fb0f668,2,4,2025-06-21T18:29:06.052826+00:00,4,3,5,4,4,4,4,4,2,1,1,daily,social,"internet,smartphone,tablet,streaming",1,1,1,1,1,1,1,1,1,1,3,66.7,b25_35,US,BA,Female
37,6278053805652c04421baf32,1,5,2025-06-19T16:41:48.907735+00:00,5,2,5,5,5,4,5,5,1,-1,1,daily,social,"internet,tablet",1,1,-1,1,-1,1,1,1,-1,1,6,,b25_35,US,High_school,refuse_to_disc
37,6278053805652c04421baf32,2,2,2025-06-22T19:04:03.870399+00:00,3,3,5,2,2,5,5,2,5,-1,1,daily,social,"internet,smartphone,tablet",1,1,-1,1,-1,-1,1,1,-1,1,5,60.0,b25_35,US,High_school,refuse_to_disc
38,67a507f52decb8dbaacc29e3,1,5,2025-06-19T16:46:51.269687+00:00,5,5,5,5,5,5,5,5,1,1,1,daily,social,"internet,smartphone,tablet,streaming",1,1,1,1,1,1,1,1,1,1,6,,b25_35,US,BA,Male
38,67a507f52decb8dbaacc29e3,2,5,2025-06-21T18:31:05.987380+00:00,5,5,5,5,5,5,5,5,1,1,1,daily,social,"internet,smartphone,tablet,streaming",1,1,1,1,1,1,1,1,1,1,2,0.0,b25_35,US,BA,Male
41,67252ccdf91cf97c0989172d,1,4,2025-06-19T16:45:06.499528+00:00,5,3,4,3,3,4,4,4,4,1,1,daily,social,"internet,smartphone,tablet,streaming",1,1,1,1,1,1,1,1,1,1,9,,b18_24,GB,High_school,Male
41,67252ccdf91cf97c0989172d,2,3,2025-06-21T18:52:23.366221+00:00,3,3,4,3,4,5,4,3,2,1,1,daily,social,"internet,smartphone,tablet,streaming",1,1,1,1,1,1,1,1,1,1,4,50.0,b18_24,GB,High_school,Male
43,6575c4ea606a4f38b29e4e5d,1,4,2025-06-19T16:48:21.719086+00:00,4,2,5,4,2,4,5,4,1,1,1,daily,social,"internet,smartphone,tablet,streaming",1,1,1,1,-1,-1,-1,1,1,1,5,,b45_55,GB,High_school,Female
43,6575c4ea606a4f38b29e4e5d,2,4,2025-06-21T20:29:47.915536+00:00,5,2,5,4,4,4,5,4,2,1,1,daily,social,"internet,smartphone,streaming",1,1,1,-1,-1,-1,-1,1,1,-1,5,40.0,b45_55,GB,High_school,Female
44,66469f5d40d395a527be84c8,1,4,2025-06-19T16:50:26.467791+00:00,4,4,3,3,4,3,4,3,4,1,1,weekly,radio,"internet,smartphone,tablet,streaming",-1,1,1,1,1,1,1,-1,-1,1,5,,b35_45,CA,MSc,Male
44,66469f5d40d395a527be84c8,2,5,2025-06-22T05:30:37.707661+00:00,4,3,4,4,5,4,4,4,3,1,1,weekly,radio,"internet,smartphone,tablet,streaming",-1,1,1,1,1,1,1,-1,-1,1,2,0.0,b35_45,CA,MSc,Male
45,66cfab152c56aa0472529001,1,4,2025-06-19T16:50:15.164847+00:00,5,3,5,3,4,4,5,4,2,1,-1,daily,social,"internet,smartphone,tablet,streaming",1,1,1,1,-1,1,1,1,1,-1,3,,b35_45,GB,BA,Male
45,66cfab152c56aa0472529001,2,3,2025-06-21T18:16:13.036356+00:00,3,1,4,4,4,4,5,3,2,1,-1,daily,social,"internet,smartphone,tablet,streaming",1,1,1,1,1,-1,1,-1,1,-1,5,20.0,b35_45,GB,BA,Male
46,682677cdb83a393c318a2c66,1,5,2025-06-19T16:54:33.891136+00:00,5,4,5,5,5,5,5,5,1,-1,1,daily,social,"internet,smartphone,tablet,streaming",1,1,1,1,1,1,1,1,1,-1,5,,b25_35,US,BA,Male
46,682677cdb83a393c318a2c66,2,5,2025-06-21T19:10:09.091510+00:00,5,5,5,5,5,5,5,5,5,-1,1,daily,social,"internet,smartphone,tablet,streaming",1,1,1,1,-1,1,1,1,1,-1,1,100.0,b25_35,US,BA,Male
48,6765d0aaf6525ec5830bbf82,1,5,2025-06-19T16:52:29.857287+00:00,4,5,5,4,5,5,5,4,4,1,1,daily,social,"internet,smartphone,tablet,streaming",1,1,1,1,1,1,1,1,1,1,5,,b25_35,GB,MSc,Male
48,6765d0aaf6525ec5830bbf82,2,5,2025-06-22T05:47:48.291275+00:00,5,5,5,4,4,4,4,4,5,1,1,daily,social,"internet,smartphone,tablet,streaming",1,1,1,1,1,1,1,1,1,1,1,0.0,b25_35,GB,MSc,Male
49,672c74f54295206bddb0146a,1,4,2025-06-19T16:56:44.455073+00:00,4,3,4,4,4,4,3,3,2,-1,-1,daily,social,"internet,smartphone",1,-1,-1,1,1,-1,1,1,-1,-1,5,,b25_35,US,BA,Male
49,672c74f54295206bddb0146a,2,2,2025-06-22T02:46:19.270394+00:00,1,1,3,1,1,3,2,1,5,-1,-1,rarely,social,internet,1,-1,-1,1,1,-1,1,1,-1,-1,1,100.0,b25_35,US,BA,Male
50,6838ebe785f866c529c5954b,1,4,2025-06-19T16:51:42.585073+00:00,5,4,4,4,4,5,4,4,4,1,1,daily,social,"internet,smartphone,tablet,streaming",1,1,1,1,-1,-1,1,1,1,1,5,,b25_35,US,BA,Male
50,6838ebe785f866c529c5954b,2,4,2025-06-23T13:44:09.933877+00:00,4,4,4,5,4,4,3,3,4,1,1,monthly,social,"internet,smartphone,tablet",-1,-1,1,-1,-1,1,1,1,-1,-1,7,57.1,b25_35,US,BA,Male
51,6697cf02d714e7ee3fdedcec,1,2,2025-06-19T16:53:36.849244+00:00,2,4,3,4,4,2,2,2,2,1,-1,daily,social,"internet,smartphone,streaming",1,1,1,1,1,-1,1,-1,1,-1,5,,b35_45,GB,BA,Male
51,6697cf02d714e7ee3fdedcec,2,2,2025-06-24T05:40:19.961068+00:00,1,3,3,3,4,2,3,1,4,1,-1,daily,papers,"internet,smartphone,streaming",1,-1,1,1,1,-1,1,-1,1,1,1,100.0,b35_45,GB,BA,Male
52,667894c6824bb7cc9522dedf,1,5,2025-06-19T16:53:13.098852+00:00,5,4,5,5,5,5,5,5,3,-1,-1,daily,social,"internet,smartphone,tablet,streaming",1,1,1,-1,1,1,1,-1,1,1,6,,b25_35,IN,MSc,Female
52,667894c6824bb7cc9522dedf,2,5,2025-06-21T22:32:42.969062+00:00,5,4,5,4,5,5,5,5,5,-1,-1,daily,social,"internet,smartphone,tablet,streaming",1,1,1,-1,1,1,1,-1,1,1,2,0.0,b25_35,IN,MSc,Female
53,6831f97ee9cf74bb79f808c2,1,4,2025-06-19T16:58:07.382533+00:00,4,4,4,4,4,4,4,4,2,1,1,weekly,tv,smartphone,1,1,1,1,1,1,1,1,-1,-1,5,,b45_55,US,Doctorate,Female
53,6831f97ee9cf74bb79f808c2,2,5,2025-06-22T14:53:48.155837+00:00,5,5,5,5,5,5,5,5,5,1,1,daily,social,"internet,smartphone,streaming",1,1,1,1,1,1,1,-1,1,-1,1,0.0,b45_55,US,Doctorate,Female
54,67ed8470c3602df172cbe1b3,1,4,2025-06-19T16:54:31.196053+00:00,4,3,4,5,4,4,4,4,4,1,1,daily,social,"internet,smartphone,streaming",1,1,1,1,1,1,1,1,-1,1,5,,b45_55,GB,High_school,Male
54,67ed8470c3602df172cbe1b3,2,3,2025-06-21T19:25:28.159579+00:00,4,3,4,4,3,4,4,4,4,1,1,daily,social,"internet,smartphone,streaming",1,1,1,1,1,1,1,1,-1,1,4,25.0,b45_55,GB,High_school,Male
55,684a06985e0c564793afd148,1,5,2025-06-19T16:59:19.815893+00:00,5,5,5,5,5,5,5,5,2,1,1,daily,social,"internet,smartphone,tablet,streaming",1,1,1,1,1,1,1,-1,1,1,6,,b45_55,US,MSc,Male
55,684a06985e0c564793afd148,2,5,2025-06-21T18:38:11.879395+00:00,5,3,5,4,4,5,5,5,3,-1,1,daily,social,"internet,smartphone,tablet,streaming",-1,1,-1,1,-1,1,1,-1,-1,-1,6,33.3,b45_55,US,MSc,Male
56,663765ad2bdf17e0c60a3637,1,3,2025-06-19T16:56:52.451513+00:00,3,3,3,4,5,2,4,4,1,1,1,weekly,social,"internet,smartphone,tablet,streaming",1,1,1,1,1,1,1,-1,-1,-1,5,,over_55,US,MSc,Male
56,663765ad2bdf17e0c60a3637,2,4,2025-06-21T19:04:39.513087+00:00,4,3,4,5,4,4,5,4,2,1,1,weekly,social,"internet,smartphone,tablet,streaming",1,1,1,1,1,1,1,-1,-1,1,3,33.3,over_55,US,MSc,Male
57,683108f40c2c10cfb2a2e783,1,5,2025-06-19T16:59:04.235513+00:00,5,1,5,5,5,5,5,5,1,1,1,daily,social,"internet,smartphone,tablet,streaming",1,1,1,1,1,1,1,1,1,1,19,,b25_35,US,BA,Male
57,683108f40c2c10cfb2a2e783,2,5,2025-06-21T18:38:05.949501+00:00,5,5,5,2,3,5,5,5,3,1,1,daily,social,"internet,smartphone,streaming",1,1,1,1,1,1,1,1,1,1,32,40.6,b25_35,US,BA,Male
58,67ea62e9718f553d22141a4f,1,4,2025-06-19T17:00:05.307093+00:00,4,2,5,4,5,5,4,4,1,-1,-1,daily,social,"internet,smartphone",1,1,1,1,1,1,1,-1,1,-1,5,,b25_35,US,BA,Female
58,67ea62e9718f553d22141a4f,2,5,2025-06-21T19:16:09.908753+00:00,4,4,4,4,5,4,5,5,2,-1,-1,daily,social,"internet,smartphone",1,1,1,1,1,1,1,-1,1,-1,1,100.0,b25_35,US,BA,Female
61,68489f48016e67a66dd7c900,1,4,2025-06-19T17:05:04.987997+00:00,4,2,4,4,3,4,4,4,3,1,1,daily,social,"internet,smartphone,tablet,streaming",-1,1,1,1,1,1,1,1,-1,1,6,,b18_24,US,Doctorate,Male
61,68489f48016e67a66dd7c900,2,5,2025-06-21T18:23:46.489367+00:00,5,3,5,4,5,5,5,5,3,1,1,daily,social,"internet,smartphone,tablet",-1,1,1,1,1,1,1,1,-1,1,5,20.0,b18_24,US,Doctorate,Male
62,682e4a107e47a4b126794cdb,1,4,2025-06-19T17:03:27.372044+00:00,4,5,5,5,4,5,5,4,4,1,1,daily,social,"internet,smartphone,tablet,streaming",1,1,1,1,1,1,1,-1,1,1,7,,b35_45,AS,Doctorate,Female
62,682e4a107e47a4b126794cdb,2,5,2025-06-21T18:44:46.396179+00:00,5,3,5,5,5,5,5,5,4,1,-1,weekly,social,"internet,smartphone",1,-1,1,1,1,-1,1,-1,-1,-1,3,66.7,b35_45,AS,Doctorate,Female
63,683ccbb27c69b30c09975030,1,2,2025-06-19T17:01:36.946263+00:00,3,3,4,3,2,3,2,2,3,1,1,daily,social,"internet,smartphone,tablet,streaming",1,1,1,1,1,1,1,-1,1,1,11,,b25_35,US,BA,Female
63,683ccbb27c69b30c09975030,2,3,2025-06-21T18:46:06.304223+00:00,3,2,3,3,3,3,2,2,4,1,1,weekly,social,"internet,smartphone,tablet,streaming",1,1,1,1,1,1,1,-1,1,1,5,20.0,b25_35,US,BA,Female
64,60719da557d8241609b26e83,1,2,2025-06-19T17:07:48.338786+00:00,3,3,4,5,5,3,4,4,2,1,-1,daily,social,"internet,smartphone,tablet,streaming",1,1,1,1,1,1,1,1,1,1,5,,b35_45,ZA,MSc,Female
64,60719da557d8241609b26e83,2,4,2025-06-21T18:31:04.470350+00:00,4,3,5,3,3,5,5,4,4,1,-1,daily,social,"internet,smartphone,tablet,streaming",1,1,1,1,1,1,1,1,1,1,1,0.0,b35_45,ZA,MSc,Female
65,674620795259ea182ac1e2b5,1,3,2025-06-19T17:05:14.666103+00:00,3,3,4,4,4,4,4,3,2,1,1,daily,social,"internet,smartphone,tablet,streaming",1,1,1,1,1,1,1,1,1,1,6,,b25_35,GB,MSc,Male
65,674620795259ea182ac1e2b5,2,4,2025-06-21T20:02:53.643875+00:00,4,3,4,4,4,4,4,4,2,1,1,daily,social,"internet,smartphone,tablet,streaming",1,1,1,1,1,1,1,1,1,1,8,12.5,b25_35,GB,MSc,Male
66,6786682cfe5424ad10237085,1,4,2025-06-19T17:05:47.762975+00:00,5,4,4,4,4,5,5,4,3,-1,1,daily,tv,"internet,smartphone",1,1,-1,1,-1,-1,-1,-1,-1,1,5,,over_55,GB,High_school,Male
66,6786682cfe5424ad10237085,2,2,2025-06-21T19:46:05.673697+00:00,2,4,3,4,4,4,3,2,4,-1,1,daily,tv,"internet,smartphone,streaming",1,1,-1,-1,-1,1,-1,-1,-1,1,6,66.7,over_55,GB,High_school,Male
67,66727aa65bcbc9219073d587,1,5,2025-06-19T17:05:32.635525+00:00,5,4,4,5,5,4,5,5,3,1,1,daily,social,"internet,streaming",-1,-1,1,-1,1,1,1,-1,-1,1,5,,b45_55,US,BA,Female
67,66727aa65bcbc9219073d587,2,4,2025-06-21T18:51:12.356038+00:00,4,2,4,5,4,3,5,5,2,1,1,daily,tv,"internet,streaming",-1,-1,1,1,1,-1,-1,-1,-1,1,5,40.0,b45_55,US,BA,Female
68,6845d42a5aebdf296a97dbd5,1,5,2025-06-19T17:10:51.206151+00:00,5,5,5,4,4,5,5,5,5,1,1,daily,tv,smartphone,1,1,1,1,1,1,1,1,1,1,5,,over_55,US,Doctorate,Male
68,6845d42a5aebdf296a97dbd5,2,5,2025-06-21T18:34:24.705335+00:00,5,4,5,3,5,5,5,5,1,1,-1,daily,social,"internet,smartphone,tablet,streaming",1,1,1,1,1,1,1,1,1,-1,5,60.0,over_55,US,Doctorate,Male
69,68487fc572a26ca71598caa1,1,5,2025-06-19T17:11:41.522676+00:00,5,4,5,4,5,4,5,4,5,1,1,daily,social,"internet,smartphone,tablet,streaming",1,1,1,1,1,1,1,1,1,1,6,,b35_45,US,Doctorate,Female
69,68487fc572a26ca71598caa1,2,5,2025-06-21T19:08:43.489344+00:00,4,5,5,5,4,5,5,5,5,1,1,daily,social,"internet,smartphone,tablet",1,1,1,1,1,1,1,1,1,1,1,0.0,b35_45,US,Doctorate,Female
70,6851a35f34f09d439159773c,1,3,2025-06-19T17:08:20.431561+00:00,4,5,4,4,4,3,4,4,4,-1,-1,weekly,social,"internet,smartphone,tablet,streaming",1,1,1,1,1,1,1,1,1,1,7,,b18_24,US,Doctorate,Female
70,6851a35f34f09d439159773c,2,4,2025-06-23T12:59:31.613132+00:00,4,4,4,4,4,4,4,4,3,-1,-1,monthly,social,"internet,smartphone,tablet,streaming",1,1,1,1,1,1,1,1,1,-1,5,100.0,b18_24,US,Doctorate,Female
71,671538a99972f78921900da7,1,4,2025-06-19T17:11:33.899324+00:00,5,3,4,4,5,4,4,4,2,1,1,weekly,social,"internet,smartphone,tablet,streaming",1,1,1,1,1,1,1,1,-1,1,6,,b25_35,GB,MSc,Male
71,671538a99972f78921900da7,2,3,2025-06-21T20:06:42.768795+00:00,4,4,4,3,3,3,4,3,3,1,1,weekly,social,"internet,smartphone,tablet,streaming",1,1,1,1,1,1,1,1,-1,1,6,33.3,b25_35,GB,MSc,Male
72,67104c7deff954cb22438402,1,5,2025-06-19T17:13:33.856578+00:00,4,3,5,5,4,5,5,5,3,1,1,daily,social,"internet,smartphone,streaming",1,-1,-1,1,1,-1,1,1,-1,-1,5,,b45_55,US,High_school,Female
72,67104c7deff954cb22438402,2,4,2025-06-21T20:03:30.450907+00:00,4,2,5,5,5,5,5,5,2,-1,1,daily,social,"internet,smartphone,streaming",1,-1,1,1,1,-1,1,1,-1,1,1,0.0,b45_55,US,High_school,Female
73,65c01022661c8c9ec1ac5988,1,4,2025-06-19T17:15:28.076696+00:00,4,1,4,4,5,4,4,4,1,-1,1,weekly,social,"internet,smartphone,streaming",1,1,1,1,1,1,1,1,1,1,5,,over_55,US,Not,Female
73,65c01022661c8c9ec1ac5988,2,4,2025-06-24T16:10:46.017716+00:00,4,1,5,5,5,5,5,4,2,-1,1,weekly,social,"internet,smartphone,streaming",1,1,1,1,1,1,1,1,1,1,1,0.0,over_55,US,Not,Female
74,66704327b46c7665de1190bc,1,5,2025-06-19T17:13:06.933097+00:00,4,3,4,3,4,5,4,5,2,1,-1,daily,social,"internet,smartphone,tablet,streaming",-1,1,1,1,1,1,1,1,1,1,5,,over_55,IE,High_school,Male
74,66704327b46c7665de1190bc,2,4,2025-06-21T18:18:13.050290+00:00,4,2,4,5,5,5,4,4,2,1,-1,daily,radio,"internet,smartphone,tablet,streaming",-1,1,-1,1,-1,1,1,1,-1,1,4,75.0,over_55,IE,High_school,Male
75,676753f7690abf0a8c263c16,1,2,2025-06-19T17:17:55.080835+00:00,2,3,4,4,4,3,4,2,4,1,-1,weekly,social,"internet,smartphone,streaming",1,-1,1,1,1,-1,-1,1,1,-1,5,,b25_35,GB,BA,Female
75,676753f7690abf0a8c263c16,2,3,2025-06-21T19:12:18.795826+00:00,4,1,4,3,3,3,4,4,5,1,-1,daily,social,"internet,smartphone,streaming",1,-1,1,-1,-1,-1,-1,1,1,1,3,33.3,b25_35,GB,BA,Female
76,651ac88823e71c05dbc1ff63,1,2,2025-06-19T17:17:11.545865+00:00,2,4,3,4,5,2,3,2,2,1,1,daily,tv,"internet,smartphone,tablet",-1,-1,-1,-1,1,1,1,1,-1,-1,5,,over_55,GB,High_school,Male
76,651ac88823e71c05dbc1ff63,2,4,2025-06-21T22:05:41.410233+00:00,3,2,4,4,4,5,4,4,2,1,1,daily,tv,"internet,smartphone,tablet",-1,-1,-1,-1,-1,1,1,1,-1,-1,1,0.0,over_55,GB,High_school,Male
77,66bf8e9849e9d38db3d8d40e,1,5,2025-06-19T17:17:12.384690+00:00,5,3,5,4,5,5,5,5,5,1,1,daily,social,internet,1,1,1,1,1,1,1,1,1,-1,5,,b35_45,GB,MSc,Male
77,66bf8e9849e9d38db3d8d40e,2,5,2025-06-21T20:27:50.111756+00:00,5,2,5,5,5,5,5,5,2,1,1,daily,social,"internet,smartphone,tablet",1,1,1,1,1,1,1,1,1,-1,3,66.7,b35_45,GB,MSc,Male
78,668a9e53e7690b3b64d48e92,1,2,2025-06-19T17:19:51.295659+00:00,3,4,3,4,4,3,3,3,2,1,1,weekly,social,"internet,smartphone,streaming",-1,1,-1,-1,-1,1,1,-1,-1,1,5,,b45_55,GB,BA,Male
78,668a9e53e7690b3b64d48e92,2,3,2025-06-21T18:56:23.290271+00:00,4,3,4,3,3,4,4,3,3,1,-1,daily,tv,"internet,smartphone,streaming",-1,1,-1,-1,-1,1,1,-1,-1,1,10,30.0,b45_55,GB,BA,Male
79,682cb562363506b46079d143,1,4,2025-06-19T17:20:26.702355+00:00,4,2,4,4,3,4,3,4,3,1,1,daily,social,"internet,smartphone,tablet,streaming",1,1,1,1,1,1,1,1,1,1,5,,b18_24,US,BA,Male
79,682cb562363506b46079d143,2,5,2025-06-21T19:08:04.182387+00:00,4,3,3,5,5,5,3,5,1,1,1,daily,social,"internet,smartphone,tablet,streaming",1,1,1,1,1,1,1,1,1,1,3,0.0,b18_24,US,BA,Male
81,682e1800654a079ebdfefd91,1,4,2025-06-19T17:19:45.492536+00:00,5,5,5,4,1,5,5,5,4,1,1,daily,social,"internet,smartphone,tablet,streaming",1,1,1,1,1,1,1,-1,-1,-1,5,,b25_35,US,BA,Male
81,682e1800654a079ebdfefd91,2,4,2025-06-21T18:30:41.228041+00:00,4,1,5,4,5,5,5,5,4,1,1,daily,social,"internet,smartphone",1,1,1,1,1,1,1,1,1,1,6,16.7,b25_35,US,BA,Male
82,5d20f6cbc1dc1c0001162dd5,1,2,2025-06-19T17:21:49.719044+00:00,2,2,2,2,3,3,2,2,3,1,-1,daily,social,"internet,smartphone,tablet,streaming",1,-1,1,1,1,-1,-1,1,1,1,5,,b35_45,GB,BA,Female
82,5d20f6cbc1dc1c0001162dd5,2,2,2025-06-21T18:56:10.344202+00:00,2,3,3,3,4,3,3,2,3,-1,-1,daily,social,"internet,smartphone,tablet,streaming",1,-1,1,1,1,-1,1,1,1,-1,1,100.0,b35_45,GB,BA,Female
83,63b6c18f4f13282703357493,1,4,2025-06-19T17:20:41.439964+00:00,4,2,4,4,4,4,4,4,2,-1,-1,daily,social,"internet,smartphone,streaming",1,1,1,1,1,1,1,1,1,1,5,,b35_45,US,MSc,Female
83,63b6c18f4f13282703357493,2,2,2025-06-21T20:19:02.257895+00:00,3,4,3,4,4,3,3,3,2,-1,-1,daily,social,"internet,smartphone,streaming",1,1,1,1,1,1,1,1,1,1,3,33.3,b35_45,US,MSc,Female
84,684a0aad34b50d4ccef490ba,1,3,2025-06-19T17:32:55.358652+00:00,5,3,5,5,5,5,5,4,3,1,1,daily,social,"internet,smartphone,tablet,streaming",1,1,1,1,1,1,1,1,1,1,6,,b25_35,US,Doctorate,Female
84,684a0aad34b50d4ccef490ba,2,5,2025-06-21T18:38:42.664100+00:00,5,4,5,5,4,5,5,5,3,1,1,weekly,social,"internet,smartphone,tablet,streaming",1,1,1,1,1,1,1,1,-1,1,4,50.0,b25_35,US,Doctorate,Female
87,67df19d8dfaa291bdd177c93,1,4,2025-06-19T17:23:47.016099+00:00,4,4,4,4,4,4,4,4,4,-1,1,daily,social,"internet,smartphone,tablet,streaming",-1,1,1,1,1,1,1,1,-1,1,6,,b25_35,US,BA,Female
87,67df19d8dfaa291bdd177c93,2,5,2025-06-21T18:12:06.503715+00:00,5,4,4,5,5,4,4,4,5,-1,1,daily,social,"internet,smartphone,tablet,streaming",-1,1,1,1,1,1,1,1,-1,1,3,0.0,b25_35,US,BA,Female
89,63e59ee5226fa6bbe1be8ecf,1,5,2025-06-19T17:23:38.170520+00:00,5,2,5,5,5,5,5,5,2,1,1,daily,social,"internet,smartphone,tablet,streaming",1,1,1,1,1,1,1,1,1,1,5,,b18_24,AU,High_school,Male
89,63e59ee5226fa6bbe1be8ecf,2,5,2025-06-21T18:55:03.543967+00:00,5,3,5,3,4,5,5,5,3,1,1,daily,social,"internet,smartphone,tablet,streaming",1,1,1,1,1,1,1,1,1,1,1,0.0,b18_24,AU,High_school,Male
92,67a8bfb2f846cd3ea9bcd898,1,3,2025-06-19T17:28:18.226318+00:00,4,3,2,2,3,3,2,2,3,1,1,monthly,social,"internet,smartphone,tablet,streaming",1,1,1,-1,1,1,-1,-1,-1,-1,5,,b25_35,US,High_school,Female
92,67a8bfb2f846cd3ea9bcd898,2,2,2025-06-21T21:55:10.040248+00:00,2,4,4,3,4,3,3,3,4,1,1,weekly,social,"internet,smartphone,tablet,streaming",1,-1,1,1,-1,1,-1,1,1,-1,6,16.7,b25_35,US,High_school,Female
93,630a8feaa8eef385f72dc1a5,1,5,2025-06-19T17:27:33.592521+00:00,5,4,4,5,5,5,4,4,4,1,1,daily,social,"internet,smartphone,streaming",1,1,1,1,1,1,1,1,1,1,5,,b35_45,US,MSc,Male
93,630a8feaa8eef385f72dc1a5,2,5,2025-06-21T19:32:13.565734+00:00,4,4,5,5,4,5,4,5,5,1,1,weekly,social,"internet,smartphone,streaming",1,1,1,1,1,1,1,1,1,1,6,33.3,b35_45,US,MSc,Male
94,682a5cfc6c0330f9968d5fdf,1,4,2025-06-19T17:37:56.750387+00:00,4,2,4,3,4,4,4,4,1,-1,1,daily,tv,"internet,smartphone",1,1,1,1,1,1,1,1,1,1,5,,b45_55,US,Doctorate,Female
94,682a5cfc6c0330f9968d5fdf,2,5,2025-06-22T15:43:22.376437+00:00,4,4,4,4,5,4,4,4,1,-1,1,daily,social,"internet,smartphone,streaming",1,1,1,1,1,1,1,1,1,-1,5,60.0,b45_55,US,Doctorate,Female
95,66ceb03e08f588238d4ce3ae,1,4,2025-06-19T17:28:24.290644+00:00,3,4,4,5,5,5,4,4,4,1,1,daily,social,"internet,smartphone,tablet,streaming",1,1,1,1,1,1,1,-1,-1,1,5,,b18_24,GB,BA,Male
95,66ceb03e08f588238d4ce3ae,2,3,2025-06-22T05:48:23.334999+00:00,4,4,4,3,3,3,5,3,2,1,1,daily,social,"internet,smartphone,tablet,streaming",1,1,1,1,-1,1,1,1,-1,1,1,0.0,b18_24,GB,BA,Male
96,60fe4cd7f854e1a3f1d17122,1,2,2025-06-19T17:31:02.698105+00:00,2,4,3,3,4,2,3,2,3,-1,1,weekly,radio,"internet,smartphone",-1,1,-1,-1,-1,-1,-1,1,-1,1,5,,b25_35,CA,BA,Female
96,60fe4cd7f854e1a3f1d17122,2,3,2025-06-21T18:55:51.056368+00:00,4,2,5,4,5,2,4,3,2,-1,1,weekly,social,"internet,smartphone",-1,1,-1,-1,-1,-1,-1,-1,-1,1,1,0.0,b25_35,CA,BA,Female
98,608f68107d9ea28c690af9d2,1,5,2025-06-19T17:32:15.941251+00:00,5,2,5,5,4,5,5,5,2,1,-1,daily,social,"internet,smartphone,streaming",1,1,1,1,1,1,1,-1,1,-1,5,,b25_35,ZA,BA,Female
98,608f68107d9ea28c690af9d2,2,4,2025-06-21T21:07:04.280088+00:00,4,3,5,5,5,5,5,4,4,1,-1,daily,social,"internet,smartphone,streaming",1,1,1,1,1,1,1,-1,1,-1,5,40.0,b25_35,ZA,BA,Female
99,661e625fafb8104a490bce51,1,5,2025-06-19T17:36:34.846396+00:00,4,4,4,4,4,4,5,5,2,1,1,daily,social,"internet,smartphone,tablet,streaming",1,1,1,1,1,1,1,-1,1,1,6,,b35_45,GB,MSc,Female
99,661e625fafb8104a490bce51,2,5,2025-06-22T06:13:27.860266+00:00,5,4,5,5,4,4,4,5,4,1,1,daily,social,"internet,smartphone,tablet",1,1,1,1,1,1,1,-1,1,1,7,57.1,b35_45,GB,MSc,Female
104,6848ad98fb14f4dc272cc8b1,1,5,2025-06-19T17:42:40.305613+00:00,5,3,5,5,5,5,4,4,1,1,1,daily,social,"internet,smartphone",-1,1,1,1,1,1,1,1,-1,1,5,,b18_24,US,MSc,Male
104,6848ad98fb14f4dc272cc8b1,2,4,2025-06-21T19:41:35.800834+00:00,4,2,5,3,4,5,5,4,1,-1,1,daily,social,"internet,smartphone",-1,1,1,1,1,1,1,-1,-1,1,4,50.0,b18_24,US,MSc,Male
105,59dd90f6e75b450001a68dac,1,2,2025-06-19T17:42:01.250404+00:00,2,5,3,2,3,2,2,2,4,1,1,daily,social,"internet,smartphone,tablet,streaming",1,-1,1,1,-1,-1,1,1,1,1,5,,b35_45,GB,BA,Female
105,59dd90f6e75b450001a68dac,2,3,2025-06-21T19:42:53.555015+00:00,3,3,4,4,5,5,4,3,2,1,1,daily,social,"internet,smartphone,tablet,streaming",1,-1,1,-1,-1,-1,1,1,1,1,3,33.3,b35_45,GB,BA,Female
106,66f4de5d56463299e2c12930,1,5,2025-06-19T17:45:08.282903+00:00,5,3,5,5,5,5,5,5,2,1,1,daily,social,"internet,smartphone,tablet,streaming",1,1,1,1,1,1,1,1,1,1,5,,b35_45,US,MSc,Female
106,66f4de5d56463299e2c12930,2,3,2025-06-21T18:37:16.473862+00:00,4,2,5,3,3,5,2,3,2,1,1,daily,social,"internet,smartphone,tablet,streaming",1,1,1,1,1,1,1,1,1,1,1,100.0,b35_45,US,MSc,Female
107,6846f32d9decb4de215a7a0e,1,3,2025-06-19T17:43:45.468477+00:00,3,4,5,3,3,5,2,4,1,1,1,daily,tv,internet,1,1,1,1,1,1,1,1,1,1,6,,b18_24,US,MSc,Female
107,6846f32d9decb4de215a7a0e,2,5,2025-06-21T18:44:50.479440+00:00,4,2,5,5,5,4,5,5,1,-1,1,daily,social,"internet,smartphone,tablet,streaming",-1,1,1,1,-1,1,1,1,1,1,2,50.0,b18_24,US,MSc,Female
108,56ca3e3237d66c000c59a891,1,3,2025-06-19T17:48:58.747822+00:00,3,2,2,3,3,3,3,3,2,1,1,daily,social,"internet,smartphone,tablet,streaming",1,-1,1,-1,-1,1,1,-1,1,1,5,,b45_55,GB,BA,Male
108,56ca3e3237d66c000c59a891,2,4,2025-06-21T19:29:53.680041+00:00,3,1,4,3,3,4,4,3,5,1,1,daily,social,"internet,smartphone,tablet,streaming",1,-1,1,-1,1,1,-1,-1,1,1,5,20.0,b45_55,GB,BA,Male
109,5fb9b9c1c62f408e51e09e32,1,5,2025-06-19T17:48:09.836050+00:00,5,4,5,4,5,5,5,5,1,-1,1,daily,tv,internet,1,1,1,1,1,1,1,1,-1,1,5,,over_55,US,Doctorate,Female
109,5fb9b9c1c62f408e51e09e32,2,4,2025-06-23T05:37:18.064083+00:00,5,3,5,3,3,5,4,4,5,-1,1,daily,papers,"internet,smartphone,tablet,streaming",1,1,1,1,1,1,1,1,-1,1,5,100.0,over_55,US,Doctorate,Female
110,6659f77ee4fd69fa455cc86a,1,4,2025-06-19T17:47:50.324585+00:00,4,3,5,4,4,5,5,4,3,-1,-1,daily,social,"internet,smartphone,streaming",1,-1,1,1,1,-1,1,1,1,-1,5,,b35_45,GB,High_school,Female
110,6659f77ee4fd69fa455cc86a,2,3,2025-06-21T19:24:16.604590+00:00,3,1,5,4,4,5,5,3,3,-1,-1,daily,social,"internet,smartphone,streaming",1,-1,1,1,-1,-1,1,1,1,-1,1,0.0,b35_45,GB,High_school,Female
111,5f467b0a0d1aef037515c8c9,1,3,2025-06-19T17:49:30.532737+00:00,3,4,3,3,4,4,3,3,2,-1,1,weekly,social,"internet,smartphone,tablet,streaming",1,1,-1,1,1,-1,1,1,-1,1,5,,b35_45,US,High_school,Male
111,5f467b0a0d1aef037515c8c9,2,3,2025-06-23T16:50:49.106792+00:00,1,4,3,1,2,3,3,3,5,-1,1,daily,social,"internet,smartphone,tablet,streaming",1,1,-1,1,1,-1,1,1,-1,1,3,100.0,b35_45,US,High_school,Male
113,gloria_test,1,4,2025-06-21T12:12:35.268989+00:00,5,5,5,4,4,5,5,5,4,-1,1,monthly,radio,tablet,1,-1,-1,-1,1,1,1,-1,-1,1,6,,b25_35,NO,MSc,Female
113,gloria_test,2,4,2025-06-21T12:13:37.649926+00:00,4,4,4,4,5,4,4,4,4,1,-1,monthly,radio,tablet,1,1,-1,1,1,-1,-1,-1,-1,-1,3,0.0,b25_35,NO,MSc,Female
